chain, residue_label, residue_name, score, zscore, probability, pocket
A,  100, PHE,  0.9422,   0.0890,   0.0963, 0
A,  101, VAL,  0.2368,  -0.2730,   0.0068, 0
A,  102, LEU,  0.1525,  -0.3162,   0.0032, 0
A,  103, THR,  0.5837,  -0.0950,   0.0373, 1
A,  104, PRO,  0.0518,  -0.3679,   0.0007, 0
A,  105, GLY,  0.0103,  -0.3892,   0.0002, 0
A,  106, ASN,  0.0280,  -0.3801,   0.0004, 0
A,  107, PRO,  0.0140,  -0.3873,   0.0003, 0
A,  108, ARG,  0.0297,  -0.3792,   0.0004, 0
A,  109, TRP,  0.1315,  -0.3270,   0.0025, 0
A,  110, GLU,  0.0785,  -0.3542,   0.0012, 0
A,  111, ASN,  0.1374,  -0.3240,   0.0027, 0
A,  112, THR,  0.0809,  -0.3530,   0.0012, 0
A,  113, HIS,  0.1653,  -0.3096,   0.0037, 0
A,  114, LEU,  0.1320,  -0.3267,   0.0025, 0
A,  115, THR,  0.0694,  -0.3589,   0.0010, 0
A,  116, TYR,  0.0702,  -0.3585,   0.0010, 0
A,  117, ARG,  0.0458,  -0.3710,   0.0006, 0
A,  118, ILE,  0.0464,  -0.3706,   0.0006, 0
A,  119, GLU,  1.1044,   0.1722,   0.1305, 3
A,  120, ASN,  0.1196,  -0.3331,   0.0022, 0
A,  121, TYR,  0.1369,  -0.3242,   0.0027, 0
A,  122, THR,  0.0371,  -0.3755,   0.0005, 0
A,  123, PRO,  0.0342,  -0.3769,   0.0005, 0
A,  124, ASP,  0.0248,  -0.3818,   0.0004, 0
A,  125, LEU,  0.1717,  -0.3064,   0.0039, 0
A,  126, SER,  0.0492,  -0.3692,   0.0007, 0
A,  127, ARG,  0.1295,  -0.3280,   0.0025, 0
A,  128, GLU,  0.0607,  -0.3633,   0.0009, 0
A,  129, ASP,  0.2508,  -0.2658,   0.0075, 0
A,  130, VAL,  0.0450,  -0.3714,   0.0006, 0
A,  131, ASP,  0.0656,  -0.3608,   0.0009, 0
A,  132, ARG,  0.2164,  -0.2834,   0.0058, 0
A,  133, ALA,  0.3525,  -0.2136,   0.0140, 0
A,  134, ILE,  0.0244,  -0.3820,   0.0004, 0
A,  135, GLU,  0.2410,  -0.2708,   0.0070, 0
A,  136, LYS,  0.6838,  -0.0436,   0.0510, 0
A,  137, ALA,  0.0007,  -0.3941,   0.0001, 0
A,  138, PHE,  0.1367,  -0.3243,   0.0027, 0
A,  139, GLN,  0.2801,  -0.2508,   0.0092, 0
A,  140, LEU,  0.3230,  -0.2287,   0.0119, 0
A,  141, TRP,  0.0849,  -0.3509,   0.0013, 0
A,  142, SER,  0.2074,  -0.2880,   0.0054, 0
A,  143, ASN,  0.3951,  -0.1917,   0.0174, 0
A,  144, VAL,  0.2687,  -0.2566,   0.0085, 0
A,  145, SER,  0.0231,  -0.3826,   0.0004, 0
A,  146, PRO,  0.0883,  -0.3492,   0.0014, 0
A,  147, LEU,  0.2478,  -0.2673,   0.0074, 0
A,  148, THR,  0.2620,  -0.2601,   0.0081, 0
A,  149, PHE,  0.2314,  -0.2757,   0.0066, 0
A,  150, THR,  0.1976,  -0.2931,   0.0050, 0
A,  151, LYS,  0.0943,  -0.3461,   0.0015, 0
A,  152, VAL,  0.0685,  -0.3593,   0.0010, 0
A,  153, SER,  0.0665,  -0.3603,   0.0010, 0
A,  154, GLU,  0.0187,  -0.3849,   0.0003, 0
A,  155, GLY,  0.0090,  -0.3899,   0.0002, 0
A,  156, GLN,  0.0408,  -0.3735,   0.0006, 3
A,  157, ALA,  0.0341,  -0.3770,   0.0005, 0
A,  158, ASP,  0.1671,  -0.3087,   0.0038, 0
A,  159, ILE,  0.0153,  -0.3866,   0.0003, 0
A,  160, MET,  0.9737,   0.1051,   0.1026, 3
A,  161, ILE,  0.7403,  -0.0146,   0.0597, 0
A,  162, SER,  1.0697,   0.1544,   0.1229, 3
A,  163, PHE,  0.0641,  -0.3616,   0.0009, 0
A,  164, VAL,  0.1649,  -0.3099,   0.0037, 3
A,  165, ARG,  0.0602,  -0.3636,   0.0009, 0
A,  166, GLY,  0.0325,  -0.3778,   0.0005, 0
A,  167, ASP,  0.0305,  -0.3788,   0.0004, 0
A,  168, HIS,  0.2105,  -0.2864,   0.0056, 3
A,  169, ARG,  0.0795,  -0.3537,   0.0012, 3
A,  170, ASP,  0.4786,  -0.1489,   0.0252, 0
A,  171, ASN,  0.1198,  -0.3330,   0.0022, 0
A,  172, SER,  0.4511,  -0.1630,   0.0225, 0
A,  173, PRO,  0.0921,  -0.3472,   0.0015, 0
A,  174, PHE,  0.1096,  -0.3383,   0.0019, 0
A,  175, ASP,  0.0551,  -0.3662,   0.0008, 0
A,  176, GLY,  0.0240,  -0.3821,   0.0004, 0
A,  177, PRO,  0.0798,  -0.3535,   0.0012, 0
A,  178, GLY,  0.2051,  -0.2892,   0.0053, 0
A,  179, GLY,  0.2685,  -0.2567,   0.0085, 1
A,  180, ASN,  1.4937,   0.3720,   0.2208, 1
A,  181, LEU,  0.5246,  -0.1253,   0.0301, 1
A,  182, ALA,  3.4078,   1.3541,   0.5907, 1
A,  183, HIS,  3.8247,   1.5680,   0.6473, 1
A,  184, ALA,  2.7919,   1.0381,   0.4916, 1
A,  185, PHE,  1.1127,   0.1765,   0.1324, 0
A,  186, GLN,  0.3662,  -0.2066,   0.0151, 1
A,  187, PRO,  0.0370,  -0.3755,   0.0005, 0
A,  188, GLY,  0.0720,  -0.3576,   0.0011, 0
A,  189, PRO,  0.0911,  -0.3477,   0.0014, 0
A,  190, GLY,  0.0692,  -0.3590,   0.0010, 0
A,  191, ILE,  1.0421,   0.1402,   0.1168, 3
A,  192, GLY,  0.0729,  -0.3571,   0.0011, 0
A,  193, GLY,  0.0187,  -0.3849,   0.0003, 0
A,  194, ASP,  0.9571,   0.0966,   0.0992, 3
A,  195, ALA,  0.5372,  -0.1188,   0.0316, 0
A,  196, HIS,  1.0466,   0.1426,   0.1178, 3
A,  197, PHE,  0.0000,  -0.3945,   0.0001, 0
A,  198, ASP,  0.0018,  -0.3936,   0.0002, 0
A,  199, GLU,  0.0223,  -0.3831,   0.0003, 0
A,  200, ASP,  0.0638,  -0.3617,   0.0009, 0
A,  201, GLU,  0.0764,  -0.3553,   0.0011, 0
A,  202, ARG,  0.2339,  -0.2745,   0.0067, 0
A,  203, TRP,  0.0351,  -0.3765,   0.0005, 0
A,  204, THR,  0.4372,  -0.1701,   0.0211, 0
A,  205, LYS,  0.6744,  -0.0484,   0.0496, 0
A,  206, ASN,  0.5820,  -0.0958,   0.0371, 0
A,  207, PHE,  0.2382,  -0.2723,   0.0069, 0
A,  208, ARG,  0.2594,  -0.2614,   0.0080, 0
A,  209, ASP,  0.3054,  -0.2378,   0.0107, 0
A,  210, TYR,  0.2960,  -0.2426,   0.0101, 0
A,  211, ASN,  0.5777,  -0.0981,   0.0365, 0
A,  212, LEU,  0.2866,  -0.2474,   0.0096, 0
A,  213, TYR,  0.6858,  -0.0426,   0.0513, 0
A,  214, ARG,  0.6369,  -0.0677,   0.0443, 1
A,  215, VAL,  1.0179,   0.1278,   0.1117, 1
A,  216, ALA,  0.0202,  -0.3841,   0.0003, 0
A,  217, ALA,  0.0000,  -0.3945,   0.0001, 0
A,  218, HIS,  4.0045,   1.6603,   0.6697, 1
A,  219, GLU,  4.0808,   1.6994,   0.6788, 1
A,  220, LEU,  0.0000,  -0.3945,   0.0001, 0
A,  221, GLY,  0.0002,  -0.3944,   0.0001, 0
A,  222, HIS,  4.3516,   1.8384,   0.7089, 1
A,  223, SER,  0.0033,  -0.3928,   0.0002, 0
A,  224, LEU,  0.0040,  -0.3924,   0.0002, 0
A,  225, GLY,  0.1179,  -0.3340,   0.0021, 0
A,  226, LEU,  1.3115,   0.2785,   0.1780, 1
A,  227, SER,  1.3508,   0.2986,   0.1873, 1
A,  228, HIS,  4.6390,   1.9858,   0.7373, 1
A,  229, SER,  0.5915,  -0.0910,   0.0383, 0
A,  230, THR,  0.4445,  -0.1664,   0.0218, 0
A,  231, ASP,  0.8131,   0.0227,   0.0718, 0
A,  232, ILE,  0.5852,  -0.0942,   0.0375, 0
A,  233, GLY,  0.2369,  -0.2729,   0.0068, 7
A,  234, ALA,  0.2778,  -0.2519,   0.0091, 0
A,  235, LEU,  0.3345,  -0.2229,   0.0127, 7
A,  236, MET,  0.1656,  -0.3095,   0.0037, 0
A,  237, TYR,  1.6424,   0.4483,   0.2564, 0
A,  238, PRO,  2.7950,   1.0396,   0.4922, 1
A,  239, ASN,  0.9740,   0.1053,   0.1027, 1
A,  240, TYR,  1.0910,   0.1653,   0.1275, 1
A,  241, ILE,  0.4779,  -0.1493,   0.0251, 7
A,  242, TYR,  0.4833,  -0.1465,   0.0256, 0
A,  243, THR,  0.5088,  -0.1334,   0.0284, 7
A,  244, GLY,  0.2776,  -0.2521,   0.0091, 0
A,  245, ASP,  0.2895,  -0.2459,   0.0097, 7
A,  246, VAL,  0.5461,  -0.1142,   0.0326, 0
A,  247, GLN,  0.3902,  -0.1943,   0.0170, 0
A,  248, LEU,  0.3468,  -0.2165,   0.0136, 0
A,  249, SER,  0.2221,  -0.2805,   0.0061, 0
A,  250, GLN,  0.0786,  -0.3541,   0.0012, 0
A,  251, ASP,  0.9098,   0.0724,   0.0899, 0
A,  252, ASP,  0.1221,  -0.3318,   0.0023, 0
A,  253, ILE,  0.3198,  -0.2304,   0.0117, 0
A,  254, ASP,  0.2997,  -0.2407,   0.0104, 0
A,  255, GLY,  0.1259,  -0.3299,   0.0024, 0
A,  256, ILE,  0.1248,  -0.3304,   0.0023, 0
A,  257, GLN,  0.0531,  -0.3672,   0.0007, 0
A,  258, ALA,  0.0418,  -0.3730,   0.0006, 0
A,  259, ILE,  0.0237,  -0.3823,   0.0004, 0
A,  260, TYR,  0.0306,  -0.3788,   0.0004, 0
A,  261, GLY,  0.0162,  -0.3862,   0.0003, 0
A,  262, PRO,  0.0470,  -0.3704,   0.0006, 0
A,  263, SER,  0.0397,  -0.3741,   0.0005, 0
A,  264, GLU,  0.0729,  -0.3571,   0.0011, 0
A,  265, ASN,  0.0314,  -0.3784,   0.0004, 0
A,  266, PRO,  0.0166,  -0.3859,   0.0003, 0
A,  267, VAL,  0.0139,  -0.3874,   0.0003, 0
A,  268, GLN,  0.0526,  -0.3675,   0.0007, 0
A,  269, PRO,  0.2525,  -0.2649,   0.0076, 0
A,  270, SER,  0.2800,  -0.2508,   0.0092, 0
A,  271, GLY,  0.2544,  -0.2640,   0.0077, 0
A,  272, PRO,  0.1072,  -0.3394,   0.0018, 0
A,  273, GLN,  0.7776,   0.0045,   0.0658, 0
A,  274, THR,  0.4626,  -0.1571,   0.0236, 0
A,  275, PRO,  0.3015,  -0.2398,   0.0105, 0
A,  276, GLN,  0.8254,   0.0290,   0.0740, 0
A,  277, VAL,  0.3782,  -0.2004,   0.0160, 0
A,  278, CYS,  0.3055,  -0.2377,   0.0107, 0
A,  279, ASP,  0.3102,  -0.2353,   0.0110, 0
A,  280, SER,  0.1560,  -0.3144,   0.0033, 0
A,  281, LYS,  0.1667,  -0.3089,   0.0037, 0
A,  282, LEU,  0.2297,  -0.2766,   0.0065, 0
A,  283, THR,  0.3196,  -0.2305,   0.0117, 0
A,  284, PHE,  0.2193,  -0.2819,   0.0060, 0
A,  285, ASP,  0.2557,  -0.2633,   0.0078, 0
A,  286, ALA,  0.1106,  -0.3377,   0.0019, 0
A,  287, ILE,  0.0416,  -0.3731,   0.0006, 0
A,  288, THR,  0.0594,  -0.3640,   0.0008, 0
A,  289, THR,  0.5724,  -0.1008,   0.0358, 6
A,  290, LEU,  0.8482,   0.0407,   0.0781, 4
A,  291, ARG,  1.1313,   0.1860,   0.1365, 4
A,  292, GLY,  0.3755,  -0.2018,   0.0158, 6
A,  293, GLU,  0.3107,  -0.2350,   0.0111, 4
A,  294, LEU,  0.0067,  -0.3910,   0.0002, 0
A,  295, MET,  0.0999,  -0.3432,   0.0017, 0
A,  296, PHE,  0.0000,  -0.3945,   0.0001, 0
A,  297, PHE,  0.0000,  -0.3945,   0.0001, 0
A,  298, LYS,  0.2410,  -0.2708,   0.0070, 0
A,  299, ASP,  0.2116,  -0.2859,   0.0056, 0
A,  300, ARG,  0.1986,  -0.2926,   0.0050, 7
A,  301, PHE,  0.0652,  -0.3610,   0.0009, 0
A,  302, TYR,  0.0571,  -0.3652,   0.0008, 0
A,  303, MET,  0.0576,  -0.3649,   0.0008, 0
A,  304, ARG,  0.2705,  -0.2557,   0.0086, 4
A,  305, THR,  0.0830,  -0.3519,   0.0013, 0
A,  306, ASN,  0.2273,  -0.2779,   0.0063, 5
A,  307, SER,  0.2882,  -0.2466,   0.0097, 0
A,  308, PHE,  0.3572,  -0.2112,   0.0144, 0
A,  309, TYR,  0.3539,  -0.2129,   0.0141, 0
A,  310, PRO,  0.1742,  -0.3051,   0.0040, 0
A,  311, GLU,  0.3250,  -0.2277,   0.0120, 0
A,  312, VAL,  0.1410,  -0.3221,   0.0028, 0
A,  313, GLU,  0.2747,  -0.2535,   0.0089, 0
A,  314, LEU,  0.2164,  -0.2834,   0.0058, 0
A,  315, ASN,  0.1894,  -0.2973,   0.0046, 0
A,  316, PHE,  0.3560,  -0.2118,   0.0143, 7
A,  317, ILE,  0.1587,  -0.3131,   0.0034, 0
A,  318, SER,  0.2932,  -0.2440,   0.0100, 0
A,  319, VAL,  0.2728,  -0.2545,   0.0088, 0
A,  320, PHE,  0.7020,  -0.0343,   0.0537, 4
A,  321, TRP,  0.9309,   0.0832,   0.0941, 4
A,  322, PRO,  0.1555,  -0.3147,   0.0033, 0
A,  323, GLN,  0.1879,  -0.2981,   0.0046, 0
A,  324, VAL,  0.1355,  -0.3250,   0.0027, 0
A,  325, PRO,  0.1603,  -0.3122,   0.0035, 0
A,  326, ASN,  0.2599,  -0.2611,   0.0080, 0
A,  327, GLY,  0.0845,  -0.3511,   0.0013, 0
A,  328, LEU,  0.1156,  -0.3351,   0.0021, 0
A,  329, GLN,  0.2138,  -0.2848,   0.0057, 0
A,  330, ALA,  0.0501,  -0.3688,   0.0007, 0
A,  331, ALA,  0.0416,  -0.3731,   0.0006, 0
A,  332, TYR,  0.5203,  -0.1275,   0.0296, 0
A,  333, GLU,  0.5688,  -0.1026,   0.0354, 6
A,  334, ILE,  0.8428,   0.0380,   0.0772, 0
A,  335, ALA,  0.4807,  -0.1478,   0.0254, 6
A,  336, ASP,  0.1714,  -0.3065,   0.0039, 0
A,  337, ARG,  0.6779,  -0.0466,   0.0501, 2
A,  338, ASP,  0.1289,  -0.3283,   0.0025, 0
A,  339, GLU,  0.9041,   0.0694,   0.0888, 2
A,  340, VAL,  0.6092,  -0.0819,   0.0406, 4
A,  341, ARG,  1.2077,   0.2252,   0.1542, 2
A,  342, PHE,  0.1107,  -0.3377,   0.0019, 0
A,  343, PHE,  0.0002,  -0.3944,   0.0001, 0
A,  344, LYS,  0.0659,  -0.3607,   0.0010, 0
A,  345, GLY,  0.0354,  -0.3763,   0.0005, 0
A,  346, ASN,  0.0637,  -0.3618,   0.0009, 0
A,  347, LYS,  0.0729,  -0.3571,   0.0011, 0
A,  348, TYR,  1.3142,   0.2799,   0.1786, 2
A,  349, TRP,  0.0612,  -0.3631,   0.0009, 0
A,  350, ALA,  0.6674,  -0.0520,   0.0486, 0
A,  351, VAL,  0.6638,  -0.0539,   0.0481, 0
A,  352, ARG,  0.5574,  -0.1085,   0.0340, 0
A,  353, GLY,  0.7888,   0.0103,   0.0677, 4
A,  354, GLN,  0.8517,   0.0425,   0.0788, 4
A,  355, ASP,  0.1272,  -0.3292,   0.0024, 0
A,  356, VAL,  0.0402,  -0.3738,   0.0006, 0
A,  357, LEU,  0.1781,  -0.3031,   0.0042, 2
A,  358, TYR,  0.2071,  -0.2882,   0.0054, 0
A,  359, GLY,  0.1088,  -0.3386,   0.0019, 0
A,  360, TYR,  1.4229,   0.3356,   0.2042, 2
A,  361, PRO,  0.0786,  -0.3542,   0.0012, 0
A,  362, LYS,  1.0690,   0.1541,   0.1227, 2
A,  363, ASP,  0.0465,  -0.3706,   0.0006, 0
A,  364, ILE,  0.0006,  -0.3942,   0.0001, 0
A,  365, HIS,  0.0519,  -0.3679,   0.0007, 0
A,  366, ARG,  0.2644,  -0.2588,   0.0083, 0
A,  367, SER,  1.0274,   0.1327,   0.1137, 2
A,  368, PHE,  1.2487,   0.2463,   0.1636, 2
A,  369, GLY,  0.1743,  -0.3051,   0.0040, 0
A,  370, PHE,  0.2085,  -0.2875,   0.0055, 0
A,  371, PRO,  0.4000,  -0.1893,   0.0178, 0
A,  372, SER,  0.0386,  -0.3746,   0.0005, 0
A,  373, THR,  0.4392,  -0.1691,   0.0213, 0
A,  374, VAL,  0.3951,  -0.1917,   0.0174, 0
A,  375, LYS,  0.3462,  -0.2168,   0.0135, 0
A,  376, ASN,  0.0872,  -0.3497,   0.0014, 0
A,  377, ILE,  0.0980,  -0.3442,   0.0016, 0
A,  378, ASP,  0.2378,  -0.2724,   0.0069, 0
A,  379, ALA,  0.0527,  -0.3674,   0.0007, 0
A,  380, ALA,  0.0499,  -0.3689,   0.0007, 0
A,  381, VAL,  0.0352,  -0.3764,   0.0005, 0
A,  382, PHE,  0.3885,  -0.1952,   0.0169, 6
A,  383, GLU,  0.2689,  -0.2565,   0.0085, 0
A,  384, GLU,  0.6782,  -0.0465,   0.0502, 6
A,  385, ASP,  0.0805,  -0.3532,   0.0012, 0
A,  386, THR,  0.3184,  -0.2311,   0.0116, 0
A,  387, GLY,  0.1568,  -0.3140,   0.0034, 0
A,  388, LYS,  0.4064,  -0.1859,   0.0184, 0
A,  389, THR,  0.0000,  -0.3945,   0.0001, 0
A,  390, TYR,  0.4966,  -0.1396,   0.0270, 0
A,  391, PHE,  0.0000,  -0.3945,   0.0001, 0
A,  392, PHE,  0.0034,  -0.3927,   0.0002, 0
A,  393, VAL,  0.4559,  -0.1605,   0.0229, 0
A,  394, ALA,  0.1812,  -0.3015,   0.0043, 0
A,  395, HIS,  0.1693,  -0.3076,   0.0038, 0
A,  396, GLU,  0.4290,  -0.1743,   0.0204, 0
A,  397, CYS,  0.0479,  -0.3699,   0.0007, 0
A,  398, TRP,  0.5086,  -0.1335,   0.0283, 0
A,  399, ARG,  0.5499,  -0.1123,   0.0331, 0
A,  400, TYR,  0.7632,  -0.0029,   0.0633, 2
A,  401, ASP,  0.0950,  -0.3457,   0.0015, 0
A,  402, GLU,  1.2557,   0.2498,   0.1652, 2
A,  403, TYR,  0.1489,  -0.3181,   0.0031, 0
A,  404, LYS,  0.0294,  -0.3794,   0.0004, 0
A,  405, GLN,  0.1178,  -0.3340,   0.0021, 0
A,  406, SER,  0.1187,  -0.3336,   0.0022, 0
A,  407, MET,  0.2018,  -0.2909,   0.0052, 0
A,  408, ASP,  0.2226,  -0.2803,   0.0061, 0
A,  409, THR,  0.0751,  -0.3559,   0.0011, 0
A,  410, GLY,  0.0773,  -0.3548,   0.0012, 0
A,  411, TYR,  0.5164,  -0.1295,   0.0292, 0
A,  412, PRO,  0.3147,  -0.2330,   0.0113, 0
A,  413, LYS,  0.2030,  -0.2903,   0.0052, 0
A,  414, MET,  0.0724,  -0.3573,   0.0011, 0
A,  415, ILE,  0.0359,  -0.3761,   0.0005, 0
A,  416, ALA,  0.0809,  -0.3529,   0.0012, 0
A,  417, GLU,  0.0438,  -0.3720,   0.0006, 0
A,  418, GLU,  0.4082,  -0.1850,   0.0185, 0
A,  419, PHE,  0.1259,  -0.3299,   0.0024, 0
A,  420, PRO,  0.0447,  -0.3715,   0.0006, 0
A,  421, GLY,  0.0908,  -0.3479,   0.0014, 0
A,  422, ILE,  0.1206,  -0.3326,   0.0022, 0
A,  423, GLY,  0.1154,  -0.3353,   0.0021, 0
A,  424, ASN,  0.1240,  -0.3309,   0.0023, 0
A,  425, LYS,  0.2824,  -0.2496,   0.0093, 0
A,  426, VAL,  0.1544,  -0.3153,   0.0033, 0
A,  427, ASP,  0.3151,  -0.2328,   0.0114, 0
A,  428, ALA,  0.0934,  -0.3465,   0.0015, 0
A,  429, VAL,  0.0499,  -0.3689,   0.0007, 0
A,  430, PHE,  0.0343,  -0.3769,   0.0005, 0
A,  431, GLN,  0.6052,  -0.0839,   0.0401, 6
A,  432, LYS,  0.2670,  -0.2575,   0.0084, 0
A,  433, ASP,  0.2988,  -0.2412,   0.0103, 5
A,  434, GLY,  0.1204,  -0.3327,   0.0022, 0
A,  435, PHE,  0.2172,  -0.2830,   0.0059, 0
A,  436, LEU,  0.0451,  -0.3713,   0.0006, 0
A,  437, TYR,  0.4113,  -0.1834,   0.0188, 5
A,  438, PHE,  0.0205,  -0.3839,   0.0003, 0
A,  439, PHE,  0.0205,  -0.3839,   0.0003, 0
A,  440, HIS,  0.2039,  -0.2899,   0.0053, 0
A,  441, GLY,  0.1826,  -0.3008,   0.0044, 0
A,  442, THR,  0.1770,  -0.3037,   0.0041, 0
A,  443, ARG,  0.1293,  -0.3281,   0.0025, 0
A,  444, GLN,  0.2908,  -0.2453,   0.0098, 5
A,  445, TYR,  0.1351,  -0.3251,   0.0026, 0
A,  446, GLN,  0.3792,  -0.1999,   0.0161, 5
A,  447, PHE,  0.0510,  -0.3683,   0.0007, 0
A,  448, ASP,  0.0944,  -0.3461,   0.0015, 0
A,  449, PHE,  0.5332,  -0.1209,   0.0311, 0
A,  450, LYS,  0.1245,  -0.3306,   0.0023, 0
A,  451, THR,  0.0263,  -0.3810,   0.0004, 0
A,  452, LYS,  0.3794,  -0.1998,   0.0161, 0
A,  453, ARG,  0.0237,  -0.3823,   0.0004, 0
A,  454, ILE,  0.0526,  -0.3675,   0.0007, 0
A,  455, LEU,  0.1025,  -0.3419,   0.0017, 0
A,  456, THR,  0.2282,  -0.2774,   0.0064, 5
A,  457, LEU,  0.0662,  -0.3605,   0.0010, 0
A,  458, GLN,  0.3197,  -0.2304,   0.0117, 5
A,  459, LYS,  0.2070,  -0.2882,   0.0054, 0
A,  460, ALA,  0.0632,  -0.3621,   0.0009, 0
A,  461, ASN,  0.1836,  -0.3003,   0.0044, 0
A,  462, SER,  0.4617,  -0.1576,   0.0235, 5
A,  463, TRP,  0.5339,  -0.1205,   0.0312, 5
A,  464, PHE,  0.1437,  -0.3207,   0.0029, 0
A,  465, ASN,  0.1862,  -0.2989,   0.0045, 0
A,  466, CYS,  0.2453,  -0.2686,   0.0073, 0
